{"dl3kKvUITWenBVhDmqLhVA==":"nofilter%20(5).webp","5w1sejjy4+CWZnx763z0cQ==":"nofilter-537x537.png","Ut/xLzyiGdJ5d9vKOQEv5Q==":"nofilter%20(6).webp","x0wC/ALLUUw1v1/YcM/n2Q==":"1x1_#000000ff-1x1.png","JyZuUiIqITQ0OnqTLdEk7g==":"nofilter%20(7).webp","4BC5OV7hmYscCHXRG8GuCA==":"nofilter%20(9).webp","0S+uYegugGoTiYYg0NaroQ==":"nofilter%20(10).webp","PpXDd3AbwY0YQf5tsBTTcQ==":"image-656x219.png","MJpXYCNx/mxkV3SYQRbU2g==":"image-464x206.png","DU/WLOv4yBqYZHUGQP1esg==":"image-624x945.png","tAfBhKVU/P7yX1Fc/3g7ag==":"image-474x215.png","m5UYXt6n+VGVXi162AtIxA==":"image-462x233.png","FQAfw33fw6AcED4luYo2Ww==":"image-605x417.png","iq+MAjPLofHrt37XVJG2rA==":"image-546x202.png","2J63DV+VhMaCxkUe5k9vzg==":"images__5_-removebg-preview-225x224.png","/vOt36SpRZYWt7wTYKnIgg==":"images__5_-removebg-preview%2520(1)-113x112.png","1zamF5BzKqVmzz8HLVJPFA==":"images__5_-removebg-preview%2520(1)-113x112.png","gmAON4KGl8LCd1G8CnBe2Q==":"image-663x261.png"}